{"cameraMode":{"drawMode":0,"name":"Shaded","section":"Shading Mode"},"sceneLighting":true,"audioPlay":false,"sceneViewState":{"m_AlwaysRefresh":false,"showFog":true,"showSkybox":true,"showFlares":true,"showImageEffects":true,"showParticleSystems":true,"showVisualEffectGraphs":true,"m_FxEnabled":true},"in2DMode":false,"pivot":{"x":56.49781799316406,"y":-0.9101684093475342,"z":45.73845291137695},"rotation":{"x":-0.017794691026210786,"y":-0.43554651737213137,"z":0.008691148832440377,"w":-0.8997219800949097},"size":40.280006408691409,"orthographic":false}