{"cameraMode":{"drawMode":0,"name":"Shaded","section":"Shading Mode"},"sceneLighting":false,"audioPlay":false,"sceneViewState":{"m_AlwaysRefresh":false,"showFog":true,"showSkybox":false,"showFlares":true,"showImageEffects":true,"showParticleSystems":true,"showVisualEffectGraphs":true,"m_FxEnabled":true},"in2DMode":false,"pivot":{"x":0.050000011920928958,"y":4.144997596740723,"z":0.04499897360801697},"rotation":{"x":0.17392675578594209,"y":0.4214755594730377,"z":-0.08268510550260544,"w":0.886053740978241},"size":3.3075597286224367,"orthographic":false}